"566D6CFBB5685629E10000000A4E731A",1,"566D6CFFB5685629E10000000A4E731A"
"566D6D76B5685629E10000000A4E731A",1,"566D6CFFB5685629E10000000A4E731A"
"566D6D8BB5685629E10000000A4E731A",1,"566D6D8AB5685629E10000000A4E731A"
"566D6D8BB5685629E10000000A4E731A",2,"566D6CFFB5685629E10000000A4E731A"
"566D6D76B5685629E10000000A4E731A",2,"56FC2C4130037203E10000000A4E731A"
"566D6D8BB5685629E10000000A4E731A",3,"56FC2C4130037203E10000000A4E731A"
"56FC2D3A30037203E10000000A4E731A",1,"56FC2C4130037203E10000000A4E731A"
"56FC2D3A30037203E10000000A4E731A",2,"56FC2DDE30037203E10000000A4E731A"
"56FC2D7030037203E10000000A4E731A",1,"56FC2D7530037203E10000000A4E731A"
"56FC2D7030037203E10000000A4E731A",2,"56FC2D7330037203E10000000A4E731A"
"56FC2D7030037203E10000000A4E731A",3,"56FC2C4130037203E10000000A4E731A"
"56FC2D7030037203E10000000A4E731A",4,"56FC2DDE30037203E10000000A4E731A"
"573CB7498DD668DAE10000000A4E731A",1,"56FC2D7530037203E10000000A4E731A"
"573CB7498DD668DAE10000000A4E731A",2,"56FC2C4130037203E10000000A4E731A"
"573CB7498DD668DAE10000000A4E731A",3,"56FC2DDE30037203E10000000A4E731A"
