"5756353E969525CCE10000000A4E731A","573CB5B98DD668DAE10000000A4E731A","573CB5B68DD668DAE10000000A4E731A"
"5756353E969525CCE10000000A4E731A","573CB5B88DD668DAE10000000A4E731A","573CB5B38DD668DAE10000000A4E731A"
"5756353B969525CCE10000000A4E731A","573CB5B98DD668DAE10000000A4E731A","573CB5B68DD668DAE10000000A4E731A"
"5756353B969525CCE10000000A4E731A","573CB5B88DD668DAE10000000A4E731A","573CB5B38DD668DAE10000000A4E731A"
"57563528969525CCE10000000A4E731A","573CB5B98DD668DAE10000000A4E731A","573CB5B68DD668DAE10000000A4E731A"
"57563528969525CCE10000000A4E731A","573CB5B88DD668DAE10000000A4E731A","573CB5B38DD668DAE10000000A4E731A"
"57563529969525CCE10000000A4E731A","573CB5B98DD668DAE10000000A4E731A","573CB5B68DD668DAE10000000A4E731A"
"57563529969525CCE10000000A4E731A","573CB5B88DD668DAE10000000A4E731A","573CB5B38DD668DAE10000000A4E731A"
"573CB7468DD668DAE10000000A4E731A","573CB5BA8DD668DAE10000000A4E731A","573CB5B68DD668DAE10000000A4E731A"
"573CB7468DD668DAE10000000A4E731A","573CB5B88DD668DAE10000000A4E731A","573CB5B38DD668DAE10000000A4E731A"
"573CB7478DD668DAE10000000A4E731A","573CB5BA8DD668DAE10000000A4E731A","573CB5B68DD668DAE10000000A4E731A"
"573CB7478DD668DAE10000000A4E731A","573CB5B88DD668DAE10000000A4E731A","573CB5B38DD668DAE10000000A4E731A"
"56697BB680504538E10000000A4E731A","573CB5B18DD668DAE10000000A4E731A","573CB5B58DD668DAE10000000A4E731A"
"566D6D87B5685629E10000000A4E731A","573CB5B18DD668DAE10000000A4E731A","573CB5B58DD668DAE10000000A4E731A"
