"D8DE83DC00D60B4C915628FEEC2080C0",0,"6F846147BE854E4782300676F849FC0E","6984C094A1ED1943925505B8DDC655A0"
"D8DE83DC00D60B4C915628FEEC2080C0",1,"6984C094A1ED1943925505B8DDC655A0","A63390D738F45849836A06915F7C9BCA"
"D8DE83DC00D60B4C915628FEEC2080C0",2,"A63390D738F45849836A06915F7C9BCA","4CBFA1F45AFDD1409A4A5AD3BF7AF366"
"CD77134759C9A54EB420A331651B8B69",0,"9E69F14041E84741B02327A6FC69FF71","EA4DDC955A9E08459B6FC3C3AEB11389"
"CD77134759C9A54EB420A331651B8B69",1,"EA4DDC955A9E08459B6FC3C3AEB11389","A953EC7C2C2D234EB91EA4AC1E12DBB0"
"CD77134759C9A54EB420A331651B8B69",2,"A953EC7C2C2D234EB91EA4AC1E12DBB0","3F8F7E2171C51D4CA4FC5E1580871C65"
"476E51E57DF6E945AC7660806DEC45BF",0,"9E69F14041E84741B02327A6FC69FF71","2DC19E7AC917DE489FD64B478E4D31A1"
"476E51E57DF6E945AC7660806DEC45BF",1,"2DC19E7AC917DE489FD64B478E4D31A1","EE4817E82B34C74ABE5DF5F17CAE78D3"
"476E51E57DF6E945AC7660806DEC45BF",2,"EE4817E82B34C74ABE5DF5F17CAE78D3","EA4DDC955A9E08459B6FC3C3AEB11389"
"476E51E57DF6E945AC7660806DEC45BF",3,"EA4DDC955A9E08459B6FC3C3AEB11389","2C937755A6D7F74CBE6A95A14E73680E"
"476E51E57DF6E945AC7660806DEC45BF",4,"2C937755A6D7F74CBE6A95A14E73680E","6F846147BE854E4782300676F849FC0E"
"E89CB43CAB7D5747A8A36B070A541837",0,"9E69F14041E84741B02327A6FC69FF71","543DBCD594509842835A47BDF246AF0D"
"E89CB43CAB7D5747A8A36B070A541837",1,"543DBCD594509842835A47BDF246AF0D","751D9D4D2BA5E84B8739B3AE50F91EFD"
"ED6F1264C0597D4F8A0A3504FBCCC534",0,"9E69F14041E84741B02327A6FC69FF71","2DC19E7AC917DE489FD64B478E4D31A1"
"ED6F1264C0597D4F8A0A3504FBCCC534",1,"2DC19E7AC917DE489FD64B478E4D31A1","EE4817E82B34C74ABE5DF5F17CAE78D3"
"ED6F1264C0597D4F8A0A3504FBCCC534",2,"EE4817E82B34C74ABE5DF5F17CAE78D3","94C32D41330FD040B13E7CFF07D12CB8"
"ED6F1264C0597D4F8A0A3504FBCCC534",3,"94C32D41330FD040B13E7CFF07D12CB8","EA4DDC955A9E08459B6FC3C3AEB11389"
"E993DC08ECEC5F4ABE6B87E87F231FCF",0,"EA4DDC955A9E08459B6FC3C3AEB11389","2C937755A6D7F74CBE6A95A14E73680E"
"E993DC08ECEC5F4ABE6B87E87F231FCF",1,"2C937755A6D7F74CBE6A95A14E73680E","EDADD3066B35F24F925ED2D36CBC9819"
"E993DC08ECEC5F4ABE6B87E87F231FCF",2,"EDADD3066B35F24F925ED2D36CBC9819","6F846147BE854E4782300676F849FC0E"
